{"movieId":{"0":858,"1":318,"2":1221,"3":50,"4":527,"5":1193,"6":608,"7":296,"8":2858,"9":58559},"mean":{"0":4.4875,"1":4.4871382637,"2":4.3851851852,"3":4.3706467662,"4":4.3032786885,"5":4.2569444444,"6":4.2566964286,"7":4.2561728395,"8":4.2363636364,"9":4.2355371901},"title":{"0":"Godfather, The (1972)","1":"Shawshank Redemption, The (1994)","2":"Godfather: Part II, The (1974)","3":"Usual Suspects, The (1995)","4":"Schindler's List (1993)","5":"One Flew Over the Cuckoo's Nest (1975)","6":"Fargo (1996)","7":"Pulp Fiction (1994)","8":"American Beauty (1999)","9":"Dark Knight, The (2008)"}}