movieId,mean,title
858,4.4875,"Godfather, The (1972)"
318,4.487138263665595,"Shawshank Redemption, The (1994)"
1221,4.385185185185185,"Godfather: Part II, The (1974)"
50,4.370646766169155,"Usual Suspects, The (1995)"
527,4.30327868852459,Schindler's List (1993)
1193,4.256944444444445,One Flew Over the Cuckoo's Nest (1975)
608,4.256696428571429,Fargo (1996)
296,4.256172839506172,Pulp Fiction (1994)
2858,4.236363636363636,American Beauty (1999)
58559,4.235537190082645,"Dark Knight, The (2008)"
